{
    "upper_leg_left": {
        "default": {
            "mass": 0.8018581460823406,
            "inertia": [
                0.007578416654674766,
                0.0035283080153124483,
                0.005106673981827834,
                0.0,
                0.0,
                0.0
            ]
        }
    },
    "chassis_vhacd_mod": {
        "default": {
            "mass": 1.673379497099067,
            "inertia": [
                0.051317544944707465,
                0.02585841799547565,
                0.06728295565143236,
                0.0,
                0.0,
                0.0
            ]
        },
        "withMass": {
            "mass": 13.715,
            "inertia": [
                0.4205980353749939,
                0.21193531020474357,
                0.5514503663748214,
                0.0,
                0.0,
                0.0
            ]
        }
    },
    "chassis": {
        "default": {
            "mass": 9.356993926398182,
            "inertia": [
                0.2857560508302295,
                0.3745225516937427,
                0.14359263715100257,
                0.0,
                0.0,
                0.0
            ]
        },
        "withMass": {
            "mass": 13.715,
            "inertia": [
                0.4188465086078352,
                0.5489558758810609,
                0.21047069539822574,
                0.0,
                0.0,
                0.0
            ]
        }
    },
    "hip_motor": {
        "default": {
            "mass": 0.4275563575415131,
            "inertia": [
                0.0005956563271376336,
                0.0005843281928497926,
                0.0004956094502073881,
                0.0,
                0.0,
                0.0
            ]
        },
        "withMass": {
            "mass": 1.095,
            "inertia": [
                0.00152551509692469,
                0.001496502998691578,
                0.001269288453802018,
                0.0,
                0.0,
                0.0
            ]
        }
    },
    "hip_motor_mirror": {
        "default": {
            "mass": 0.4275563575415132,
            "inertia": [
                0.0005956563271376337,
                0.0005843281928497927,
                0.0004956094502073881,
                0.0,
                0.0,
                0.0
            ]
        },
        "withMass": {
            "mass": 0.241,
            "inertia": [
                0.0003357526377706395,
                0.00032936732665266694,
                0.0002793593765902158,
                0.0,
                0.0,
                0.0
            ]
        }
    },
    "upper_leg_left_vhacd": {
        "default": {
            "mass": 0.9148029319492973,
            "inertia": [
                0.008707102171311619,
                0.004060424524020222,
                0.005875357530705016,
                0.0,
                0.0,
                0.0
            ]
        },
        "withMass": {
            "mass": 1.527,
            "inertia": [
                0.014533999128382498,
                0.006777709200130249,
                0.00980721709130225,
                0.0,
                0.0,
                0.0
            ]
        }
    },
    "chassis_vhacd": {
        "default": {
            "mass": 10.626588430078474,
            "inertia": [
                0.327698218769336,
                0.428415161068668,
                0.1649500531691423,
                0.0,
                0.0,
                0.0
            ]
        }
    },
    "lower_leg_3": {
        "default": {
            "mass": 0.1715622358692391,
            "inertia": [
                0.0014435921126447822,
                6.958139361107113e-05,
                0.0014891262024566254,
                0.0,
                0.0,
                0.0
            ]
        },
        "withMass": {
            "mass": 0.241,
            "inertia": [
                0.00202786876368619,
                9.774363090633294e-05,
                0.002091832232039553,
                0.0,
                0.0,
                0.0
            ]
        }
    },
    "upper_leg_mirror": {
        "default": {
            "mass": 0.8018561281685544,
            "inertia": [
                0.00757839815545318,
                0.0035283110744396998,
                0.0051066509535739905,
                0.0,
                0.0,
                0.0
            ]
        }
    },
    "upper_leg": {
        "default": {
            "mass": 0.8018561281685541,
            "inertia": [
                0.007578398155453177,
                0.003528311074439698,
                0.005106650953573989,
                0.0,
                0.0,
                0.0
            ]
        }
    },
    "upper_leg_right_vhacd": {
        "default": {
            "mass": 0.9168815738285577,
            "inertia": [
                0.008726686247637169,
                0.004069678235494701,
                0.005888534635643936,
                0.0,
                0.0,
                0.0
            ]
        },
        "withMass": {
            "mass": 1.527,
            "inertia": [
                0.014533665285145799,
                0.00677775499364807,
                0.009806928882954749,
                0.0,
                0.0,
                0.0
            ]
        }
    },
    "chassis_mod": {
        "default": {
            "mass": 9.19621658093945,
            "inertia": [
                0.28084602469379794,
                0.14112533123894225,
                0.36808727440379807,
                0.0,
                0.0,
                0.0
            ]
        }
    },
    "upper_leg_right": {
        "default": {
            "mass": 0.8018581460823401,
            "inertia": [
                0.00757841665467476,
                0.0035283080153124457,
                0.00510667398182783,
                0.0,
                0.0,
                0.0
            ]
        }
    }
}